{
  "[0-100]": [
    {
      "title": "My favourite animation trick: exponential smoothinglisyarus.github.io",
      "link": "https://lisyarus.github.io/blog/programming/2023/02/21/exponential-smoothing.html",
      "commentCount": 3
    },
    {
      "title": "Fine tune a 70B language model at homeanswer.ai",
      "link": "https://www.answer.ai/posts/2024-03-06-fsdp-qlora.html",
      "commentCount": 2
    },
    {
      "title": "The Terrifying A.I. Scam That Uses Your Loved One's Voicenewyorker.com",
      "link": "https://www.newyorker.com/science/annals-of-artificial-intelligence/the-terrifying-ai-scam-that-uses-your-loved-ones-voice",
      "commentCount": 41
    },
    {
      "title": "Reentry of International Space Station Batteries into Earth's Atmosphereesa.int",
      "link": "https://www.esa.int/Space_Safety/Space_Debris/Reentry_of_International_Space_Station_ISS_batteries_into_Earth_s_atmosphere",
      "commentCount": 4
    },
    {
      "title": "Why does the `reset` command include a delay? (2017)unix.stackexchange.com",
      "link": "https://unix.stackexchange.com/questions/335648/why-does-the-reset-command-include-a-delay",
      "commentCount": 1
    },
    {
      "title": "The Life and Death of the Bulbdial Clockironicsans.beehiiv.com",
      "link": "https://ironicsans.beehiiv.com/p/life-death-bulbdial-clock",
      "commentCount": 7
    },
    {
      "title": "You cannot simply publicly access private secure links, can you?vin01.github.io",
      "link": "https://vin01.github.io/piptagole/security-tools/soar/urlscan/hybrid-analysis/data-leaks/urlscan.io/cloudflare-radar%22/2024/03/07/url-database-leaks-private-urls.html",
      "commentCount": 14
    },
    {
      "title": "Thousand Character Classicwikipedia.org",
      "link": "https://en.wikipedia.org/wiki/Thousand_Character_Classic",
      "commentCount": 3
    },
    {
      "title": "Don't fuck with pastegithub.com/aaronraimist",
      "link": "https://github.com/aaronraimist/DontFuckWithPaste",
      "commentCount": 6
    },
    {
      "title": "Gabriel García Márquez: Sons publish novel that late author wanted destroyedbbc.co.uk",
      "link": "https://www.bbc.co.uk/news/entertainment-arts-68488756.amp",
      "commentCount": 9
    },
    {
      "title": "Atlas of internet surveillance maps ownership of network infrastructures worldwtechxplore.com",
      "link": "https://techxplore.com/news/2024-03-atlas-internet-surveillance-ownership-network.html",
      "commentCount": 5
    },
    {
      "title": "A peculiarity of the X Window System: Windows all the way downutoronto.ca",
      "link": "https://utcc.utoronto.ca/~cks/space/blog/unix/XWindowsAllTheWayDown",
      "commentCount": 11
    },
    {
      "title": "How to become a pirate archivist (2022)annas-blog.org",
      "link": "https://annas-blog.org/blog-how-to-become-a-pirate-archivist.html",
      "commentCount": 7
    },
    {
      "title": "Stations and transfers (2022)albertguillaumes.cat",
      "link": "http://stations.albertguillaumes.cat/",
      "commentCount": 6
    },
    {
      "title": "Akira Toriyama has diednoisypixel.net",
      "link": "https://noisypixel.net/dragon-ball-creator-akira-toriyama-has-passed-away/",
      "commentCount": 3
    },
    {
      "title": "New breakthrough brings matrix multiplication closer to idealquantamagazine.org",
      "link": "https://www.quantamagazine.org/new-breakthrough-brings-matrix-multiplication-closer-to-ideal-20240307/",
      "commentCount": 5
    },
    {
      "title": "Imbue (Formerly Generally Intelligent) (YC S17) Is Hiring a Systems Engineer",
      "link": "item?id=39636569",
      "commentCount": 5
    },
    {
      "title": "Launch HN: SiLogy (YC W24) – Chip design and verification in the cloud",
      "link": "item?id=39632872",
      "commentCount": 12
    },
    {
      "title": "How do computers calculate sine?androidcalculator.com",
      "link": "https://androidcalculator.com/how-do-calculators-compute-sine/",
      "commentCount": 11
    },
    {
      "title": "Show HN: Manta – A tool for FPGA Debugging and Rapid Prototypingfischermoseley.github.io",
      "link": "https://fischermoseley.github.io/manta/",
      "commentCount": 6
    },
    {
      "title": "Eloquent JavaScript 4th edition (2024)eloquentjavascript.net",
      "link": "https://eloquentjavascript.net/",
      "commentCount": 17
    },
    {
      "title": "The Berkeley Software Distributionabortretry.fail",
      "link": "https://www.abortretry.fail/p/the-berkley-software-distribution",
      "commentCount": 14
    },
    {
      "title": "After Astra loses 99 percent of its value, founders take rocket firm privatearstechnica.com",
      "link": "https://arstechnica.com/space/2024/03/after-astra-loses-99-percent-of-its-value-founders-take-rocket-firm-private/",
      "commentCount": 3
    },
    {
      "title": "Social learning: Collaborative learning with large language modelsresearch.google",
      "link": "https://blog.research.google/2024/03/social-learning-collaborative-learning.html?m=1",
      "commentCount": 11
    },
    {
      "title": "Ask HN: What underrated open source project deserves more recognition?",
      "link": "item?id=39635486",
      "commentCount": 8
    },
    {
      "title": "When Robustly Tolerable Beats Precariously Optimalaskell.blog",
      "link": "https://www.askell.blog/when-robustly-tolerable-beats-precariously-optimal/",
      "commentCount": 2
    },
    {
      "title": "The Greatest Meme Templatereadtrung.com",
      "link": "https://www.readtrung.com/p/the-greatest-meme-template-ever-ad8",
      "commentCount": 2
    },
    {
      "title": "Statistical Process Control: A Practitioner's Guide (2022)two-wrongs.com",
      "link": "https://two-wrongs.com/statistical-process-control-a-practitioners-guide.html",
      "commentCount": 8
    },
    {
      "title": "Kaist develops next-generation ultra-low power LLM acceleratoryna.co.kr",
      "link": "https://en.yna.co.kr/view/AEN20240306003700320",
      "commentCount": 13
    },
    {
      "title": "Comments Are Code (2018)responsibleautomation.wordpress.com",
      "link": "https://responsibleautomation.wordpress.com/2018/02/01/heresy-ii-comments-are-code/",
      "commentCount": 8
    }
  ],
  "[101-200]": [],
  "[201-300]": [],
  "[301-n]": []
}